filename,width,height,class,xmin,ymin,xmax,ymax
IMG_0701.JPG,672,504,q,324,71,374,191
IMG_0714.JPG,672,504,q,400,133,461,252
IMG_0560.JPG,672,504,p,227,204,260,262
IMG_0873.JPG,672,504,b,181,294,257,398
IMG_0599.JPG,672,504,k,347,329,425,463
IMG_0557.JPG,672,504,p,459,97,496,162
IMG_0900.JPG,672,504,b,97,223,182,336
IMG_0974.JPG,672,504,v,19,196,158,341
IMG_1067.JPG,672,504,b,228,193,319,380
IMG_0846.JPG,672,504,k,102,250,200,331
IMG_0558.JPG,672,504,p,199,65,237,136
IMG_0685.JPG,672,504,q,356,84,408,199
IMG_0877.JPG,672,504,b,313,294,392,457
IMG_0901.JPG,672,504,b,31,222,110,360
IMG_0578.JPG,672,504,r,331,100,378,191
IMG_1067.JPG,672,504,b,111,188,206,378
IMG_0787.JPG,672,504,k,90,260,194,393
IMG_0777.JPG,672,504,r,310,160,365,250
IMG_0731.JPG,672,504,p,424,88,462,156
IMG_0819.JPG,672,504,k,202,215,268,312
IMG_0628.JPG,672,504,b,111,18,171,113
IMG_0786.JPG,672,504,k,549,288,659,412
IMG_0652.JPG,672,504,b,265,261,325,380
IMG_0639.JPG,672,504,b,537,191,631,308
IMG_0944.JPG,672,504,v,494,205,635,354
IMG_0611.JPG,672,504,k,511,238,613,343
IMG_1051.JPG,672,504,p,387,261,466,395
IMG_0892.JPG,672,504,b,390,314,468,417
IMG_0803.JPG,672,504,k,443,40,520,137
IMG_1079.JPG,672,504,v,372,189,449,371
IMG_1056.JPG,672,504,p,490,249,560,371
IMG_0961.JPG,672,504,q,21,136,139,336
IMG_0886.JPG,672,504,b,494,118,571,222
IMG_0568.JPG,672,504,r,342,110,390,200
IMG_0804.JPG,672,504,k,226,67,285,166
IMG_0823.JPG,672,504,k,192,41,278,173
IMG_0857.JPG,672,504,b,270,329,340,483
IMG_0885.JPG,672,504,b,46,293,123,432
IMG_0602.JPG,672,504,k,538,216,632,332
IMG_0645.JPG,672,504,b,533,312,624,417
IMG_0659.JPG,672,504,v,217,288,296,461
IMG_0623.JPG,672,504,k,75,176,192,300
IMG_0877.JPG,672,504,b,316,175,374,291
IMG_0735.JPG,672,504,r,544,362,652,474
IMG_0740.JPG,672,504,r,370,326,461,491
IMG_0577.JPG,672,504,r,504,27,566,117
IMG_0731.JPG,672,504,p,100,175,157,256
IMG_0658.JPG,672,504,v,401,48,455,175
IMG_0560.JPG,672,504,p,358,151,389,208
IMG_0707.JPG,672,504,v,202,239,278,399
IMG_1064.JPG,672,504,k,268,185,338,325
IMG_0955.JPG,672,504,q,380,252,454,418
IMG_0867.JPG,672,504,b,140,7,194,104
IMG_0894.JPG,672,504,b,264,60,332,196
IMG_0643.JPG,672,504,b,372,127,440,240
IMG_0580.JPG,672,504,r,172,69,220,161
IMG_0750.JPG,672,504,r,435,46,494,145
IMG_0621.JPG,672,504,k,507,150,573,246
IMG_0725.JPG,672,504,p,164,238,209,313
IMG_0796.JPG,672,504,k,425,136,473,219
IMG_0731.JPG,672,504,p,289,86,327,156
IMG_0694.JPG,672,504,v,163,140,235,302
IMG_0590.JPG,672,504,r,338,148,402,264
IMG_0953.JPG,672,504,v,237,155,310,354
IMG_0698.JPG,672,504,v,401,157,475,309
IMG_0913.JPG,672,504,b,389,150,442,257
IMG_0599.JPG,672,504,k,266,327,335,464
IMG_0933.JPG,672,504,q,142,210,209,355
IMG_0833.JPG,672,504,k,439,70,520,164
IMG_0619.JPG,672,504,k,120,123,202,223
IMG_0706.JPG,672,504,v,465,116,523,246
IMG_0762.JPG,672,504,r,477,52,544,150
IMG_0888.JPG,672,504,b,535,242,626,347
IMG_0931.JPG,672,504,v,246,183,307,349
IMG_0884.JPG,672,504,b,541,291,620,426
IMG_0837.JPG,672,504,k,333,72,394,168
IMG_0848.JPG,672,504,k,137,61,217,166
IMG_0773.JPG,672,504,r,44,107,137,217
IMG_0804.JPG,672,504,k,428,239,534,385
IMG_0983.JPG,672,504,v,385,34,485,259
IMG_1036.JPG,672,504,r,217,191,301,353
IMG_0908.JPG,672,504,b,399,247,483,350
IMG_0752.JPG,672,504,r,221,34,279,145
IMG_1070.JPG,672,504,b,101,131,198,330
IMG_0922.JPG,672,504,q,526,124,655,267
IMG_0766.JPG,672,504,r,474,187,556,310
IMG_0805.JPG,672,504,k,216,19,281,122
IMG_0820.JPG,672,504,k,207,229,281,351
IMG_0798.JPG,672,504,k,141,27,199,118
IMG_0724.JPG,672,504,p,219,236,273,326
IMG_0644.JPG,672,504,b,126,119,176,216
IMG_0713.JPG,672,504,q,391,77,455,205
IMG_0667.JPG,672,504,q,237,270,308,412
IMG_0600.JPG,672,504,k,342,349,426,455
IMG_0709.JPG,672,504,v,114,248,216,427
IMG_0652.JPG,672,504,b,329,256,387,375
IMG_0782.JPG,672,504,r,258,207,323,323
IMG_0848.JPG,672,504,k,461,75,551,174
IMG_0592.JPG,672,504,r,200,271,282,429
IMG_1064.JPG,672,504,k,211,171,273,295
IMG_0773.JPG,672,504,r,201,106,271,213
IMG_1052.JPG,672,504,p,340,232,411,362
IMG_1046.JPG,672,504,r,206,229,313,395
IMG_0729.JPG,672,504,p,223,270,275,356
IMG_0730.JPG,672,504,p,240,142,281,216
IMG_0647.JPG,672,504,b,449,54,510,155
IMG_0616.JPG,672,504,k,267,241,337,359
IMG_0817.JPG,672,504,k,64,133,147,226
IMG_0719.JPG,672,504,q,121,132,189,269
IMG_0725.JPG,672,504,p,143,308,196,399
IMG_0615.JPG,672,504,k,416,231,481,350
IMG_0758.JPG,672,504,r,228,99,282,195
IMG_0887.JPG,672,504,b,91,264,157,384
IMG_0761.JPG,672,504,r,151,28,223,133
IMG_0725.JPG,672,504,p,206,310,260,399
IMG_0702.JPG,672,504,v,206,80,259,219
IMG_0726.JPG,672,504,p,72,327,134,423
IMG_0927.JPG,672,504,v,367,142,437,308
IMG_0821.JPG,672,504,k,175,249,261,347
IMG_0694.JPG,672,504,q,294,57,338,171
IMG_0832.JPG,672,504,k,441,129,508,223
IMG_0809.JPG,672,504,k,333,45,392,140
IMG_0737.JPG,672,504,r,213,6,267,108
IMG_0791.JPG,672,504,k,276,27,330,118
IMG_0619.JPG,672,504,k,435,114,502,228
IMG_1077.JPG,672,504,q,426,238,496,392
IMG_0868.JPG,672,504,b,547,312,622,440
IMG_0789.JPG,672,504,k,218,34,274,123
IMG_0840.JPG,672,504,k,337,214,397,321
IMG_0701.JPG,672,504,v,273,47,324,189
IMG_0768.JPG,672,504,r,412,209,499,357
IMG_0693.JPG,672,504,q,353,200,409,329
IMG_1076.JPG,672,504,q,447,205,523,382
IMG_0713.JPG,672,504,v,216,50,276,206
IMG_0663.JPG,672,504,v,207,31,256,160
IMG_0838.JPG,672,504,k,210,109,270,203
IMG_0593.JPG,672,504,r,257,263,339,420
IMG_0948.JPG,672,504,q,370,248,456,390
IMG_0726.JPG,672,504,p,500,258,553,336
IMG_0925.JPG,672,504,q,138,147,211,300
IMG_0801.JPG,672,504,k,108,60,182,151
IMG_0828.JPG,672,504,k,509,186,579,288
IMG_0556.JPG,672,504,p,385,259,428,327
IMG_0670.JPG,672,504,v,335,99,392,251
IMG_0730.JPG,672,504,p,132,143,177,214
IMG_1051.JPG,672,504,p,77,263,167,398
IMG_0713.JPG,672,504,v,544,228,672,398
IMG_0559.JPG,672,504,p,140,76,186,155
IMG_0728.JPG,672,504,p,471,269,538,359
IMG_0561.JPG,672,504,p,247,384,295,460
IMG_0623.JPG,672,504,k,361,88,447,212
IMG_0991.JPG,672,504,q,532,205,653,408
IMG_0880.JPG,672,504,b,183,96,252,204
IMG_0686.JPG,672,504,v,232,51,285,186
IMG_0980.JPG,672,504,v,372,83,468,245
IMG_0556.JPG,672,504,p,130,261,173,329
IMG_0896.JPG,672,504,b,280,291,350,394
IMG_0924.JPG,672,504,q,83,70,175,207
IMG_0639.JPG,672,504,b,18,187,112,300
IMG_0694.JPG,672,504,v,339,37,391,175
IMG_0882.JPG,672,504,b,133,86,204,200
IMG_0851.JPG,672,504,b,159,113,204,200
IMG_0944.JPG,672,504,q,11,200,140,342
IMG_0727.JPG,672,504,p,149,232,201,325
IMG_0811.JPG,672,504,k,417,308,520,416
IMG_0843.JPG,672,504,k,276,78,335,180
IMG_0905.JPG,672,504,b,170,149,225,251
IMG_0672.JPG,672,504,v,433,161,503,303
IMG_0659.JPG,672,504,q,252,52,297,163
IMG_0653.JPG,672,504,b,337,113,392,217
IMG_0726.JPG,672,504,p,211,332,264,423
IMG_0564.JPG,672,504,r,144,96,198,189
IMG_0729.JPG,672,504,p,81,270,144,360
IMG_0559.JPG,672,504,p,419,302,481,392
IMG_0648.JPG,672,504,b,238,148,278,238
IMG_0936.JPG,672,504,v,480,159,619,314
IMG_1062.JPG,672,504,k,526,147,615,313
IMG_1055.JPG,672,504,p,395,280,477,410
IMG_1041.JPG,672,504,r,376,176,472,370
IMG_0862.JPG,672,504,b,194,371,266,469
IMG_0795.JPG,672,504,k,410,376,509,465
IMG_0879.JPG,672,504,b,184,232,255,374
IMG_0559.JPG,672,504,p,532,197,596,283
IMG_0620.JPG,672,504,k,128,210,179,294
IMG_0817.JPG,672,504,k,494,150,582,238
IMG_0870.JPG,672,504,b,175,196,226,299
IMG_0953.JPG,672,504,q,87,180,176,348
IMG_0834.JPG,672,504,k,440,273,523,369
IMG_0960.JPG,672,504,v,506,200,657,355
IMG_0555.JPG,672,504,p,383,202,421,267
IMG_0792.JPG,672,504,k,352,314,457,470
IMG_0772.JPG,672,504,r,233,118,302,247
IMG_0797.JPG,672,504,k,414,41,477,126
IMG_0738.JPG,672,504,r,350,342,434,486
IMG_0615.JPG,672,504,k,211,238,275,353
IMG_0610.JPG,672,504,k,23,177,118,295
IMG_0711.JPG,672,504,q,430,72,502,205
IMG_0561.JPG,672,504,p,148,155,181,213
IMG_0728.JPG,672,504,p,389,180,438,262
IMG_1057.JPG,672,504,p,78,226,149,347
IMG_0876.JPG,672,504,b,244,106,309,226
IMG_0934.JPG,672,504,q,45,151,161,300
IMG_0558.JPG,672,504,p,568,354,648,443
IMG_0579.JPG,672,504,r,341,52,393,148
IMG_0634.JPG,672,504,b,433,91,491,194
IMG_1035.JPG,672,504,r,377,181,474,370
IMG_0728.JPG,672,504,p,148,172,203,260
IMG_0770.JPG,672,504,r,301,104,356,214
IMG_0775.JPG,672,504,r,318,174,370,271
IMG_0858.JPG,672,504,b,279,397,355,501
IMG_0556.JPG,672,504,p,205,194,240,255
IMG_0796.JPG,672,504,k,501,346,598,483
IMG_0756.JPG,672,504,r,328,278,405,406
IMG_0882.JPG,672,504,b,91,274,185,380
IMG_0731.JPG,672,504,p,241,88,279,157
IMG_0565.JPG,672,504,r,201,110,251,203
IMG_1072.JPG,672,504,b,598,188,672,342
IMG_0824.JPG,672,504,k,385,187,442,285
IMG_1068.JPG,672,504,b,499,234,615,405
IMG_0636.JPG,672,504,b,286,137,326,242
IMG_0605.JPG,672,504,k,456,294,556,386
IMG_0623.JPG,672,504,k,440,170,557,290
IMG_0760.JPG,672,504,r,514,250,631,402
IMG_0617.JPG,672,504,k,339,51,402,155
IMG_0725.JPG,672,504,p,271,310,323,401
IMG_0727.JPG,672,504,p,21,323,97,433
IMG_0651.JPG,672,504,b,325,307,385,405
IMG_0808.JPG,672,504,k,262,269,340,390
IMG_0635.JPG,672,504,b,421,106,475,198
IMG_0617.JPG,672,504,k,342,224,423,322
IMG_0855.JPG,672,504,b,242,106,282,195
IMG_0920.JPG,672,504,q,491,153,602,291
IMG_0573.JPG,672,504,r,73,165,155,278
IMG_0585.JPG,672,504,r,30,243,130,353
IMG_0932.JPG,672,504,v,205,146,283,299
IMG_0712.JPG,672,504,q,102,274,200,420
IMG_0928.JPG,672,504,v,89,126,195,289
IMG_0675.JPG,672,504,q,148,127,202,242
IMG_0624.JPG,672,504,k,416,198,458,313
IMG_0577.JPG,672,504,r,407,154,476,250
IMG_0708.JPG,672,504,q,234,150,282,262
IMG_0806.JPG,672,504,k,343,293,424,424
IMG_0979.JPG,672,504,q,230,234,302,409
IMG_0916.JPG,672,504,b,460,99,530,204
IMG_0725.JPG,672,504,p,482,249,530,327
IMG_0579.JPG,672,504,r,232,200,289,291
IMG_0644.JPG,672,504,b,454,131,502,227
IMG_1058.JPG,672,504,k,361,212,470,395
IMG_1073.JPG,672,504,b,511,246,618,426
IMG_0959.JPG,672,504,q,378,214,477,408
IMG_0669.JPG,672,504,q,280,264,345,399
IMG_0556.JPG,672,504,p,421,177,456,237
IMG_0701.JPG,672,504,q,147,193,221,329
IMG_0730.JPG,672,504,p,424,151,464,219
IMG_0857.JPG,672,504,b,291,134,333,222
IMG_0890.JPG,672,504,b,153,76,216,182
IMG_0641.JPG,672,504,b,387,179,452,279
IMG_0699.JPG,672,504,q,489,70,556,187
IMG_0730.JPG,672,504,p,278,229,326,315
IMG_0666.JPG,672,504,v,171,112,233,262
IMG_0724.JPG,672,504,p,401,238,453,327
IMG_1077.JPG,672,504,v,226,178,289,340
IMG_0782.JPG,672,504,r,323,211,380,327
IMG_1055.JPG,672,504,p,241,277,321,405
IMG_0959.JPG,672,504,q,37,203,142,404
IMG_0678.JPG,672,504,q,268,209,332,350
IMG_0833.JPG,672,504,k,134,65,210,166
IMG_1058.JPG,672,504,k,195,210,297,396
IMG_0927.JPG,672,504,q,256,164,314,304
IMG_0971.JPG,672,504,q,530,141,656,336
IMG_0661.JPG,672,504,v,310,51,355,175
IMG_0816.JPG,672,504,k,48,240,144,347
IMG_0732.JPG,672,504,r,1,238,104,383
IMG_0918.JPG,672,504,b,70,85,145,180
IMG_0686.JPG,672,504,v,319,165,381,306
IMG_0911.JPG,672,504,b,283,250,344,371
IMG_0689.JPG,672,504,v,509,160,607,305
IMG_0854.JPG,672,504,b,431,1,489,102
IMG_0806.JPG,672,504,k,339,138,390,227
IMG_0878.JPG,672,504,b,232,55,296,183
IMG_0564.JPG,672,504,r,302,134,351,223
IMG_0790.JPG,672,504,k,247,327,333,460
IMG_0608.JPG,672,504,k,299,241,363,372
IMG_0557.JPG,672,504,p,225,263,275,341
IMG_0715.JPG,672,504,q,365,145,424,270
IMG_0931.JPG,672,504,q,107,203,182,350
IMG_0624.JPG,672,504,k,217,197,274,309
IMG_0560.JPG,672,504,p,315,267,357,334
IMG_0716.JPG,672,504,q,197,307,272,471
IMG_0976.JPG,672,504,v,3,173,149,329
IMG_0948.JPG,672,504,q,15,243,148,381
IMG_0608.JPG,672,504,k,354,77,396,171
IMG_0605.JPG,672,504,k,144,37,214,135
IMG_0717.JPG,672,504,v,366,193,420,323
IMG_0816.JPG,672,504,k,538,251,635,352
IMG_0819.JPG,672,504,k,457,218,540,318
IMG_0728.JPG,672,504,p,442,176,493,260
IMG_1056.JPG,672,504,p,96,271,176,410
IMG_0554.JPG,672,504,p,310,245,372,355
IMG_0584.JPG,672,504,r,58,171,137,289
IMG_0777.JPG,672,504,r,476,156,548,251
IMG_0775.JPG,672,504,r,266,174,316,267
IMG_0590.JPG,672,504,r,422,220,510,360
IMG_0682.JPG,672,504,v,519,128,625,299
IMG_0616.JPG,672,504,k,341,158,395,246
IMG_0946.JPG,672,504,q,33,222,155,371
IMG_0761.JPG,672,504,r,101,333,200,429
IMG_0577.JPG,672,504,r,297,68,345,161
IMG_1079.JPG,672,504,q,569,192,653,334
IMG_0806.JPG,672,504,k,261,291,337,422
IMG_0820.JPG,672,504,k,437,238,526,358
IMG_0588.JPG,672,504,r,205,115,264,229
IMG_0618.JPG,672,504,k,78,184,140,300
IMG_0669.JPG,672,504,v,347,248,419,403
IMG_0947.JPG,672,504,q,377,240,472,442
IMG_0711.JPG,672,504,q,266,254,340,401
IMG_0973.JPG,672,504,q,526,175,661,365
IMG_0988.JPG,672,504,q,230,217,311,349
IMG_0851.JPG,672,504,b,25,325,113,463
IMG_0884.JPG,672,504,b,46,290,120,431
IMG_0770.JPG,672,504,r,357,107,413,214
IMG_0971.JPG,672,504,v,385,107,482,340
IMG_0554.JPG,672,504,p,180,156,233,248
IMG_0788.JPG,672,504,k,157,326,252,462
IMG_0614.JPG,672,504,k,409,145,456,240
IMG_0596.JPG,672,504,k,147,2,203,102
IMG_0662.JPG,672,504,v,247,50,292,175
IMG_0613.JPG,672,504,k,443,87,523,185
IMG_0631.JPG,672,504,b,287,82,331,174
IMG_0657.JPG,672,504,q,158,46,207,155
IMG_0851.JPG,672,504,b,457,118,504,202
IMG_0865.JPG,672,504,b,166,8,218,113
IMG_0581.JPG,672,504,r,390,46,448,142
IMG_1066.JPG,672,504,b,252,196,343,398
IMG_0674.JPG,672,504,v,39,169,140,355
IMG_0806.JPG,672,504,k,291,138,339,223
IMG_0676.JPG,672,504,q,402,214,475,346
IMG_0941.JPG,672,504,q,364,185,452,370
IMG_0952.JPG,672,504,q,372,179,459,303
IMG_0964.JPG,672,504,v,69,66,178,237
IMG_0920.JPG,672,504,q,229,144,304,282
IMG_0818.JPG,672,504,k,435,346,522,451
IMG_0729.JPG,672,504,p,230,193,276,269
IMG_0648.JPG,672,504,b,382,151,423,242
IMG_1075.JPG,672,504,v,253,180,336,404
IMG_0594.JPG,672,504,k,8,304,109,429
IMG_0556.JPG,672,504,p,163,336,211,412
IMG_0618.JPG,672,504,k,424,187,481,293
IMG_1045.JPG,672,504,r,305,210,383,358
IMG_0809.JPG,672,504,k,274,44,329,137
IMG_0917.JPG,672,504,b,34,211,118,341
IMG_0671.JPG,672,504,v,228,253,298,400
IMG_0922.JPG,672,504,v,389,96,491,268
IMG_0900.JPG,672,504,b,137,55,202,171
IMG_0677.JPG,672,504,v,406,62,468,219
IMG_0658.JPG,672,504,v,120,269,209,448
IMG_0967.JPG,672,504,q,516,226,620,413
IMG_0834.JPG,672,504,k,77,178,152,273
IMG_0729.JPG,672,504,p,154,275,206,359
IMG_0782.JPG,672,504,r,197,207,257,321
IMG_0941.JPG,672,504,v,508,156,632,374
IMG_0793.JPG,672,504,k,272,29,326,119
IMG_0952.JPG,672,504,q,71,181,180,310
IMG_0636.JPG,672,504,b,274,212,334,349
IMG_0793.JPG,672,504,k,325,396,413,495
IMG_0561.JPG,672,504,p,173,251,214,318
IMG_1063.JPG,672,504,k,377,255,487,402
IMG_0613.JPG,672,504,k,466,241,550,351
IMG_0597.JPG,672,504,k,234,26,276,119
IMG_1042.JPG,672,504,r,66,248,174,416
IMG_0786.JPG,672,504,k,454,85,505,165
IMG_0603.JPG,672,504,k,462,38,520,132
IMG_0726.JPG,672,504,p,139,327,197,424
IMG_0786.JPG,672,504,k,145,84,199,164
IMG_0921.JPG,672,504,v,64,116,172,336
IMG_1047.JPG,672,504,r,20,218,140,417
IMG_0738.JPG,672,504,r,294,72,340,166
IMG_0854.JPG,672,504,b,79,366,180,477
IMG_0629.JPG,672,504,b,380,69,423,161
IMG_0794.JPG,672,504,k,238,114,287,197
IMG_1080.JPG,672,504,q,488,204,579,344
IMG_0631.JPG,672,504,b,335,83,375,175
IMG_0657.JPG,672,504,v,14,251,125,426
IMG_0673.JPG,672,504,v,122,265,206,418
IMG_0672.JPG,672,504,q,177,174,238,299
IMG_0739.JPG,672,504,r,280,23,328,119
IMG_0875.JPG,672,504,b,332,186,390,309
IMG_0565.JPG,672,504,r,439,51,491,140
IMG_0857.JPG,672,504,b,337,133,376,217
IMG_0704.JPG,672,504,v,188,196,261,374
IMG_0804.JPG,672,504,k,153,228,252,375
IMG_0774.JPG,672,504,r,271,153,326,265
IMG_0643.JPG,672,504,b,309,190,371,298
IMG_0727.JPG,672,504,p,566,336,642,446
IMG_0632.JPG,672,504,b,194,123,234,212
IMG_0622.JPG,672,504,k,361,121,432,233
IMG_0567.JPG,672,504,r,251,69,293,156
IMG_0601.JPG,672,504,k,549,292,658,409
IMG_0645.JPG,672,504,b,476,53,533,157
IMG_1055.JPG,672,504,p,82,281,177,415
IMG_0677.JPG,672,504,q,249,86,307,214
IMG_0938.JPG,672,504,v,491,95,636,267
IMG_0937.JPG,672,504,v,220,50,301,278
IMG_1057.JPG,672,504,p,196,237,267,358
IMG_0562.JPG,672,504,r,229,105,281,200
IMG_0835.JPG,672,504,k,74,105,154,198
IMG_0966.JPG,672,504,q,519,222,622,412
IMG_1065.JPG,672,504,k,485,210,559,340
IMG_0594.JPG,672,504,k,549,318,651,436
IMG_0812.JPG,672,504,k,195,172,242,254
IMG_0740.JPG,672,504,r,271,327,359,493
IMG_0930.JPG,672,504,q,280,155,344,290
IMG_0569.JPG,672,504,r,414,100,470,200
IMG_0890.JPG,672,504,b,116,236,196,337
IMG_0992.JPG,672,504,q,525,218,671,362
IMG_0559.JPG,672,504,p,162,193,217,279
IMG_0595.JPG,672,504,k,498,323,601,456
IMG_0987.JPG,672,504,q,538,215,654,410
IMG_0983.JPG,672,504,q,237,69,315,252
IMG_0681.JPG,672,504,q,7,190,120,342
IMG_0990.JPG,672,504,q,232,285,314,401
IMG_0822.JPG,672,504,k,206,75,271,191
IMG_0557.JPG,672,504,p,499,223,551,297
IMG_0812.JPG,672,504,k,472,300,559,424
IMG_0918.JPG,672,504,b,489,84,559,180
IMG_0705.JPG,672,504,v,387,69,442,205
IMG_0822.JPG,672,504,k,416,85,488,200
IMG_0600.JPG,672,504,k,330,9,373,107
IMG_0831.JPG,672,504,k,121,104,205,204
IMG_0568.JPG,672,504,r,432,53,483,139
IMG_0717.JPG,672,504,v,316,313,388,493
IMG_0943.JPG,672,504,v,505,151,641,370
IMG_0697.JPG,672,504,q,352,103,396,208
IMG_0879.JPG,672,504,b,395,137,449,248
IMG_0915.JPG,672,504,b,454,146,513,255
IMG_0856.JPG,672,504,b,415,393,504,491
IMG_0570.JPG,672,504,r,481,28,538,118
IMG_0568.JPG,672,504,r,232,142,283,241
IMG_0825.JPG,672,504,k,254,227,330,331
IMG_0891.JPG,672,504,b,187,312,247,437
IMG_0968.JPG,672,504,v,351,121,442,286
IMG_1068.JPG,672,504,b,238,240,329,414
IMG_0554.JPG,672,504,p,467,241,534,352
IMG_0729.JPG,672,504,p,285,270,334,357
IMG_0798.JPG,672,504,k,469,28,529,118
IMG_0557.JPG,672,504,p,281,219,324,291
IMG_0657.JPG,672,504,q,533,286,639,437
IMG_0856.JPG,672,504,b,181,397,260,496
IMG_0911.JPG,672,504,b,349,149,398,246
IMG_0697.JPG,672,504,q,117,189,186,320
IMG_0807.JPG,672,504,k,325,37,382,137
IMG_1064.JPG,672,504,k,358,216,440,383
IMG_0561.JPG,672,504,p,486,378,542,454
IMG_0670.JPG,672,504,q,344,264,423,405
IMG_1067.JPG,672,504,b,360,195,445,380
IMG_0933.JPG,672,504,q,382,217,448,358
IMG_0963.JPG,672,504,v,379,111,457,293
IMG_0625.JPG,672,504,k,278,244,348,366
IMG_0680.JPG,672,504,v,78,96,161,242
IMG_0729.JPG,672,504,p,472,277,533,364
IMG_0800.JPG,672,504,k,130,100,192,190
IMG_0789.JPG,672,504,k,165,366,256,462
IMG_0715.JPG,672,504,v,305,122,363,273
IMG_0841.JPG,672,504,k,334,161,410,270
IMG_0774.JPG,672,504,r,214,154,270,264
IMG_0895.JPG,672,504,b,355,178,407,289
IMG_1077.JPG,672,504,q,151,194,215,324
IMG_0667.JPG,672,504,q,417,136,488,261
IMG_0956.JPG,672,504,q,356,188,438,315
IMG_0679.JPG,672,504,q,371,111,424,229
IMG_1054.JPG,672,504,p,543,219,640,383
IMG_0805.JPG,672,504,k,425,310,525,406
IMG_0684.JPG,672,504,v,510,144,607,314
IMG_0721.JPG,672,504,v,7,282,130,476
IMG_0719.JPG,672,504,q,432,308,535,478
IMG_0757.JPG,672,504,r,254,56,303,146
IMG_0992.JPG,672,504,v,19,208,157,375
IMG_0840.JPG,672,504,k,273,212,332,317
IMG_1055.JPG,672,504,p,535,294,645,427
IMG_0619.JPG,672,504,k,508,170,589,281
IMG_0737.JPG,672,504,r,147,348,240,470
IMG_0901.JPG,672,504,b,473,155,529,261
IMG_0818.JPG,672,504,k,415,250,489,345
IMG_1050.JPG,672,504,p,395,209,481,366
IMG_0754.JPG,672,504,r,324,51,377,162
IMG_0929.JPG,672,504,v,166,180,235,359
IMG_0974.JPG,672,504,q,496,199,626,326
IMG_0800.JPG,672,504,k,557,265,666,388
IMG_0983.JPG,672,504,v,51,26,172,252
IMG_0968.JPG,672,504,q,210,147,287,293
IMG_0809.JPG,672,504,k,253,318,329,408
IMG_0882.JPG,672,504,b,483,274,579,379
IMG_0870.JPG,672,504,b,128,271,195,403
IMG_0731.JPG,672,504,p,336,88,373,156
IMG_0579.JPG,672,504,r,124,45,186,146
IMG_0824.JPG,672,504,k,263,239,328,353
IMG_0766.JPG,672,504,r,118,184,201,309
IMG_1062.JPG,672,504,k,64,146,175,336
IMG_0727.JPG,672,504,p,335,327,399,435
IMG_0708.JPG,672,504,v,370,131,426,264
IMG_0875.JPG,672,504,b,337,305,415,467
IMG_0696.JPG,672,504,q,409,52,457,164
IMG_0555.JPG,672,504,p,225,286,272,369
IMG_0904.JPG,672,504,b,524,201,615,295
IMG_0655.JPG,672,504,b,294,68,347,181
IMG_0602.JPG,672,504,k,48,203,134,330
IMG_0652.JPG,672,504,b,270,154,320,259
IMG_0587.JPG,672,504,r,123,117,195,226
IMG_0853.JPG,672,504,b,487,298,572,447
IMG_0724.JPG,672,504,p,426,333,492,435
IMG_0921.JPG,672,504,q,241,160,318,339
IMG_0571.JPG,672,504,r,130,53,186,150
IMG_0776.JPG,672,504,r,507,188,571,291
IMG_0694.JPG,672,504,q,458,172,537,306
IMG_1048.JPG,672,504,r,418,186,501,342
IMG_1037.JPG,672,504,r,497,196,607,382
IMG_0599.JPG,672,504,k,333,147,375,224
IMG_0855.JPG,672,504,b,426,311,505,460
IMG_0974.JPG,672,504,q,219,203,300,334
IMG_1054.JPG,672,504,p,383,218,470,376
IMG_0695.JPG,672,504,q,338,40,386,161
IMG_0948.JPG,672,504,v,506,249,649,402
IMG_0688.JPG,672,504,v,370,149,448,298
IMG_0942.JPG,672,504,q,4,184,136,323
IMG_0716.JPG,672,504,v,414,289,504,477
IMG_0975.JPG,672,504,q,528,233,661,419
IMG_0881.JPG,672,504,b,472,294,539,424
IMG_0643.JPG,672,504,b,94,118,175,237
IMG_0829.JPG,672,504,k,127,248,209,339
IMG_0872.JPG,672,504,b,384,223,431,323
IMG_0720.JPG,672,504,q,481,153,553,276
IMG_0946.JPG,672,504,v,211,190,304,359
IMG_1059.JPG,672,504,k,542,248,672,415
IMG_0845.JPG,672,504,k,134,214,214,313
IMG_1061.JPG,672,504,k,159,224,281,440
IMG_0753.JPG,672,504,r,380,321,464,422
IMG_0557.JPG,672,504,p,161,92,196,156
IMG_0763.JPG,672,504,r,472,46,548,150
IMG_0777.JPG,672,504,r,422,157,485,251
IMG_1046.JPG,672,504,r,508,232,646,401
IMG_0621.JPG,672,504,k,445,189,509,298
IMG_0940.JPG,672,504,q,19,150,149,292
IMG_0852.JPG,672,504,b,6,393,110,491
IMG_0556.JPG,672,504,p,530,391,592,474
IMG_1067.JPG,672,504,b,480,195,582,375
IMG_0700.JPG,672,504,v,243,82,291,218
IMG_0556.JPG,672,504,p,345,394,398,476
IMG_0902.JPG,672,504,b,535,253,633,363
IMG_0730.JPG,672,504,p,445,234,496,320
IMG_0977.JPG,672,504,v,383,195,485,428
IMG_0930.JPG,672,504,q,519,167,630,299
IMG_0729.JPG,672,504,p,289,191,334,268
IMG_0628.JPG,672,504,b,536,384,628,472
IMG_0727.JPG,672,504,p,98,326,171,431
IMG_0808.JPG,672,504,k,283,75,335,169
IMG_0822.JPG,672,504,k,264,142,345,283
IMG_0972.JPG,672,504,q,227,186,310,321
IMG_0780.JPG,672,504,r,92,208,163,323
IMG_0735.JPG,672,504,r,459,56,522,146
IMG_0779.JPG,672,504,r,134,159,209,249
IMG_0912.JPG,672,504,b,277,234,342,336
IMG_0646.JPG,672,504,b,414,124,461,217
IMG_0636.JPG,672,504,b,344,217,409,358
IMG_0978.JPG,672,504,v,5,250,145,402
IMG_1059.JPG,672,504,k,386,251,497,415
IMG_0841.JPG,672,504,k,391,57,467,165
IMG_0629.JPG,672,504,b,246,65,288,160
IMG_0597.JPG,672,504,k,162,270,247,418
IMG_0631.JPG,672,504,b,269,362,339,487
IMG_0833.JPG,672,504,k,518,176,616,270
IMG_0966.JPG,672,504,v,371,188,461,409
IMG_0951.JPG,672,504,q,99,219,180,384
IMG_0759.JPG,672,504,r,230,69,285,166
IMG_0954.JPG,672,504,q,62,184,173,308
IMG_0587.JPG,672,504,r,437,68,506,172
IMG_0762.JPG,672,504,r,554,204,672,344
IMG_0879.JPG,672,504,b,412,237,486,379
IMG_0920.JPG,672,504,v,363,124,448,281
IMG_0562.JPG,672,504,r,329,47,378,137
IMG_0920.JPG,672,504,v,61,118,178,282
IMG_0580.JPG,672,504,r,496,162,572,274
IMG_0984.JPG,672,504,v,357,85,446,245
IMG_1042.JPG,672,504,r,493,250,604,416
IMG_0748.JPG,672,504,r,121,52,181,150
IMG_0585.JPG,672,504,r,460,87,535,193
IMG_0685.JPG,672,504,v,300,57,354,197
IMG_1043.JPG,672,504,r,364,143,464,338
IMG_1076.JPG,672,504,v,335,170,404,360
IMG_0955.JPG,672,504,q,88,251,176,416
IMG_0608.JPG,672,504,k,294,81,344,173
IMG_0706.JPG,672,504,v,221,211,287,373
IMG_0639.JPG,672,504,b,191,131,255,245
IMG_0869.JPG,672,504,b,500,138,574,231
IMG_0557.JPG,672,504,p,343,369,399,455
IMG_0725.JPG,672,504,p,392,315,445,400
IMG_0682.JPG,672,504,q,39,155,140,303
IMG_0865.JPG,672,504,b,414,14,468,113
IMG_0725.JPG,672,504,p,334,247,376,321
IMG_0663.JPG,672,504,q,143,323,223,462
IMG_0718.JPG,672,504,v,287,294,363,488
IMG_0569.JPG,672,504,r,489,41,546,133
IMG_0583.JPG,672,504,r,35,242,126,344
IMG_0557.JPG,672,504,p,291,100,329,164
IMG_1072.JPG,672,504,b,302,170,389,359
IMG_0778.JPG,672,504,r,494,179,561,279
IMG_0688.JPG,672,504,q,301,166,368,294
IMG_1070.JPG,672,504,b,6,134,101,318
IMG_0880.JPG,672,504,b,163,302,247,398
IMG_0739.JPG,672,504,r,329,23,378,122
IMG_0615.JPG,672,504,k,395,90,450,196
IMG_0987.JPG,672,504,v,375,176,470,410
IMG_0571.JPG,672,504,r,442,79,500,179
IMG_0633.JPG,672,504,b,42,204,125,325
IMG_0572.JPG,672,504,r,108,66,170,159
IMG_0974.JPG,672,504,v,360,197,458,334
IMG_0627.JPG,672,504,b,249,80,289,170
IMG_0560.JPG,672,504,p,263,349,309,419
IMG_0826.JPG,672,504,k,335,192,391,288
IMG_0885.JPG,672,504,b,544,290,619,430
IMG_0755.JPG,672,504,r,322,313,400,418
IMG_0777.JPG,672,504,r,368,156,421,252
IMG_0576.JPG,672,504,r,266,71,315,168
IMG_0672.JPG,672,504,q,524,292,625,436
IMG_0633.JPG,672,504,b,489,96,550,203
IMG_0918.JPG,672,504,b,510,250,600,340
IMG_0964.JPG,672,504,q,241,105,308,246
IMG_0700.JPG,672,504,q,75,231,157,369
IMG_0762.JPG,672,504,r,113,43,177,148
IMG_0935.JPG,672,504,v,486,188,599,396
IMG_0759.JPG,672,504,r,407,339,489,428
IMG_0813.JPG,672,504,k,74,279,181,391
IMG_0769.JPG,672,504,r,191,94,262,203
IMG_0724.JPG,672,504,p,279,328,341,434
IMG_0558.JPG,672,504,p,132,117,176,189
IMG_0633.JPG,672,504,b,95,85,156,196
IMG_0624.JPG,672,504,k,273,236,341,356
IMG_0909.JPG,672,504,b,320,155,368,264
IMG_0632.JPG,672,504,b,492,365,576,497
IMG_0902.JPG,672,504,b,75,87,150,196
IMG_0700.JPG,672,504,q,378,110,428,220
IMG_0664.JPG,672,504,q,439,90,492,194
IMG_0655.JPG,672,504,b,359,238,428,346
IMG_0574.JPG,672,504,r,242,88,291,178
IMG_0727.JPG,672,504,p,275,239,325,330
IMG_0859.JPG,672,504,b,353,321,425,468
IMG_0810.JPG,672,504,k,376,164,429,247
IMG_0564.JPG,672,504,r,389,74,434,161
IMG_0555.JPG,672,504,p,290,224,329,295
IMG_0769.JPG,672,504,r,397,289,485,391
IMG_0572.JPG,672,504,r,422,101,481,193
IMG_0772.JPG,672,504,r,88,119,168,247
IMG_0735.JPG,672,504,r,1,357,103,479
IMG_0978.JPG,672,504,v,361,253,463,399
IMG_0784.JPG,672,504,r,325,204,378,314
IMG_0913.JPG,672,504,b,225,140,278,255
IMG_0926.JPG,672,504,v,495,62,614,233
IMG_0742.JPG,672,504,r,438,297,549,461
IMG_0741.JPG,672,504,r,267,51,314,143
IMG_0798.JPG,672,504,k,556,280,668,399
IMG_0967.JPG,672,504,v,32,177,137,405
IMG_0691.JPG,672,504,v,454,70,516,201
IMG_0815.JPG,672,504,k,104,42,178,139
IMG_0962.JPG,672,504,q,358,196,451,337
IMG_0603.JPG,672,504,k,524,267,621,366
IMG_0803.JPG,672,504,k,64,303,180,407
IMG_0633.JPG,672,504,b,529,218,614,337
IMG_1051.JPG,672,504,p,234,257,309,391
IMG_0614.JPG,672,504,k,435,214,499,340
IMG_0767.JPG,672,504,r,147,96,213,195
IMG_0739.JPG,672,504,r,331,381,405,495
IMG_0891.JPG,672,504,b,223,220,270,319
IMG_0894.JPG,672,504,b,243,303,329,428
IMG_0761.JPG,672,504,r,447,26,521,132
IMG_0688.JPG,672,504,v,266,12,321,164
IMG_0909.JPG,672,504,b,319,271,385,400
IMG_0977.JPG,672,504,q,540,232,667,424
IMG_0721.JPG,672,504,q,547,308,668,464
IMG_0970.JPG,672,504,q,507,227,632,355
IMG_0731.JPG,672,504,p,282,170,328,247
IMG_0950.JPG,672,504,v,235,77,311,241
IMG_1074.JPG,672,504,q,567,156,672,376
IMG_0612.JPG,672,504,k,157,102,219,207
IMG_1060.JPG,672,504,k,142,210,237,369
IMG_0758.JPG,672,504,r,169,277,254,412
IMG_1075.JPG,672,504,q,529,214,637,403
IMG_0707.JPG,672,504,q,399,263,481,398
IMG_1042.JPG,672,504,r,367,250,452,413
IMG_0823.JPG,672,504,k,436,48,542,175
IMG_0898.JPG,672,504,b,390,307,472,419
IMG_0741.JPG,672,504,r,326,380,395,490
IMG_0585.JPG,672,504,r,399,195,472,303
IMG_0725.JPG,672,504,p,270,246,316,317
IMG_0873.JPG,672,504,b,203,109,263,214
IMG_0588.JPG,672,504,r,101,190,185,323
IMG_0930.JPG,672,504,v,129,122,221,286
IMG_0871.JPG,672,504,b,449,104,523,210
IMG_0912.JPG,672,504,b,349,56,406,166
IMG_0555.JPG,672,504,p,477,204,515,270
IMG_0898.JPG,672,504,b,183,110,248,225
IMG_0558.JPG,672,504,p,515,200,572,281
IMG_0715.JPG,672,504,v,521,274,642,460
IMG_0985.JPG,672,504,q,536,188,664,377
IMG_0630.JPG,672,504,b,444,386,525,476
IMG_1038.JPG,672,504,r,362,191,444,347
IMG_1050.JPG,672,504,p,47,209,140,371
IMG_0890.JPG,672,504,b,460,242,543,345
IMG_0736.JPG,672,504,r,391,48,442,144
IMG_0627.JPG,672,504,b,194,341,262,465
IMG_0790.JPG,672,504,k,333,82,380,167
IMG_0914.JPG,672,504,b,394,40,463,150
IMG_0960.JPG,672,504,q,368,217,467,353
IMG_0582.JPG,672,504,r,370,170,425,275
IMG_0875.JPG,672,504,b,271,188,327,307
IMG_0597.JPG,672,504,k,420,266,501,418
IMG_0836.JPG,672,504,k,291,155,342,247
IMG_0872.JPG,672,504,b,197,303,261,437
IMG_0637.JPG,672,504,b,245,249,316,361
IMG_0846.JPG,672,504,k,32,117,128,210
IMG_0805.JPG,672,504,k,172,307,267,400
IMG_1035.JPG,672,504,r,35,183,154,378
IMG_0811.JPG,672,504,k,164,310,261,413
IMG_1063.JPG,672,504,k,62,278,195,424
IMG_0764.JPG,672,504,r,11,129,114,276
IMG_0984.JPG,672,504,v,34,88,162,249
IMG_0940.JPG,672,504,v,210,128,299,290
IMG_0898.JPG,672,504,b,139,299,225,413
IMG_0856.JPG,672,504,b,385,2,439,106
IMG_0647.JPG,672,504,b,491,311,582,412
IMG_0925.JPG,672,504,v,259,127,325,305
IMG_0842.JPG,672,504,k,396,218,462,318
IMG_0828.JPG,672,504,k,124,240,206,357
IMG_0727.JPG,672,504,p,419,332,485,437
IMG_0634.JPG,672,504,b,246,84,297,194
IMG_0905.JPG,672,504,b,124,253,201,381
IMG_0829.JPG,672,504,k,488,158,566,242
IMG_0821.JPG,672,504,k,272,124,338,224
IMG_0960.JPG,672,504,v,211,196,300,357
IMG_0860.JPG,672,504,b,346,27,391,129
IMG_0837.JPG,672,504,k,395,184,473,274
IMG_0620.JPG,672,504,k,176,241,226,330
IMG_0929.JPG,672,504,q,292,210,354,360
IMG_0878.JPG,672,504,b,311,284,390,397
IMG_1071.JPG,672,504,b,25,216,122,393
IMG_0982.JPG,672,504,v,389,94,485,259
IMG_0638.JPG,672,504,b,204,160,257,273
IMG_0916.JPG,672,504,b,104,281,191,379
IMG_0724.JPG,672,504,p,90,236,148,328
IMG_0873.JPG,672,504,b,389,112,450,214
IMG_0730.JPG,672,504,p,472,153,515,222
IMG_0991.JPG,672,504,v,375,165,475,409
IMG_0692.JPG,672,504,v,371,2,424,142
IMG_0752.JPG,672,504,r,158,237,255,390
IMG_0937.JPG,672,504,q,39,84,145,279
IMG_1038.JPG,672,504,r,489,189,599,347
IMG_0885.JPG,672,504,b,483,217,539,318
IMG_0848.JPG,672,504,k,539,188,652,283
IMG_0923.JPG,672,504,v,227,117,287,282
IMG_0634.JPG,672,504,b,447,223,526,338
IMG_0938.JPG,672,504,q,349,121,435,269
IMG_0764.JPG,672,504,r,510,47,587,155
IMG_0900.JPG,672,504,b,442,67,511,177
IMG_0735.JPG,672,504,r,125,42,183,133
IMG_0593.JPG,672,504,r,511,261,618,413
IMG_0660.JPG,672,504,q,299,47,343,159
IMG_0820.JPG,672,504,k,365,162,426,269
IMG_0635.JPG,672,504,b,236,252,296,343
IMG_0928.JPG,672,504,q,244,147,309,283
IMG_0660.JPG,672,504,v,345,27,391,159
IMG_0894.JPG,672,504,b,340,299,433,426
IMG_0912.JPG,672,504,b,349,233,414,331
IMG_0914.JPG,672,504,b,410,224,492,323
IMG_0728.JPG,672,504,p,536,265,611,357
IMG_0685.JPG,672,504,v,415,157,494,308
IMG_0596.JPG,672,504,k,61,385,162,476
IMG_0808.JPG,672,504,k,347,276,426,394
IMG_0729.JPG,672,504,p,115,189,165,269
IMG_0940.JPG,672,504,q,364,144,454,284
IMG_0866.JPG,672,504,b,160,158,200,242
IMG_0753.JPG,672,504,r,154,327,240,423
IMG_0935.JPG,672,504,v,205,172,283,381
IMG_0866.JPG,672,504,b,573,341,664,487
IMG_0557.JPG,672,504,p,52,365,120,449
IMG_0811.JPG,672,504,k,399,47,461,147
IMG_0604.JPG,672,504,k,481,238,571,346
IMG_0835.JPG,672,504,k,125,217,205,300
IMG_0785.JPG,672,504,r,377,178,436,275
IMG_0676.JPG,672,504,v,221,181,296,345
IMG_0724.JPG,672,504,p,501,331,573,434
IMG_0607.JPG,672,504,k,205,295,275,403
IMG_0919.JPG,672,504,q,481,232,568,389
IMG_1049.JPG,672,504,r,301,166,371,310
IMG_0726.JPG,672,504,p,449,257,495,336
IMG_0554.JPG,672,504,p,106,154,163,249
IMG_0778.JPG,672,504,r,90,167,156,275
IMG_0696.JPG,672,504,v,174,22,230,169
IMG_1047.JPG,672,504,r,361,214,451,403
IMG_0630.JPG,672,504,b,399,11,448,109
IMG_1080.JPG,672,504,v,267,184,335,347
IMG_0933.JPG,672,504,v,261,185,325,354
IMG_0771.JPG,672,504,r,294,79,352,180
IMG_1079.JPG,672,504,q,283,230,354,394
IMG_0875.JPG,672,504,b,246,304,324,466
IMG_0707.JPG,672,504,v,467,76,544,216
IMG_0897.JPG,672,504,b,209,199,258,304
IMG_0943.JPG,672,504,q,5,161,126,354
IMG_0826.JPG,672,504,k,402,250,474,367
IMG_0654.JPG,672,504,b,365,114,413,219
IMG_0964.JPG,672,504,q,510,116,626,252
IMG_0942.JPG,672,504,q,352,198,439,326
IMG_0658.JPG,672,504,q,475,300,576,448
IMG_1072.JPG,672,504,b,406,176,492,355
IMG_0840.JPG,672,504,k,387,164,442,252
IMG_0749.JPG,672,504,r,87,65,155,162
IMG_0699.JPG,672,504,q,219,213,285,346
IMG_0712.JPG,672,504,q,336,84,390,212
IMG_0740.JPG,672,504,r,352,48,401,142
IMG_1050.JPG,672,504,p,550,220,655,372
IMG_0841.JPG,672,504,k,189,50,261,162
IMG_0560.JPG,672,504,p,459,265,503,331
IMG_0955.JPG,672,504,v,517,226,620,424
IMG_0802.JPG,672,504,k,153,94,220,195
IMG_0702.JPG,672,504,q,285,229,349,372
IMG_0558.JPG,672,504,p,342,70,378,138
IMG_0791.JPG,672,504,k,250,391,332,479
IMG_0839.JPG,672,504,k,197,81,266,174
IMG_0877.JPG,672,504,b,248,174,305,294
IMG_0646.JPG,672,504,b,114,258,183,399
IMG_0908.JPG,672,504,b,166,251,248,355
IMG_0768.JPG,672,504,r,165,211,251,361
IMG_0729.JPG,672,504,p,452,199,502,276
IMG_0728.JPG,672,504,p,266,260,321,351
IMG_0750.JPG,672,504,r,179,38,232,138
IMG_0558.JPG,672,504,p,48,357,119,445
IMG_0727.JPG,672,504,p,498,330,570,433
IMG_0730.JPG,672,504,p,381,150,419,218
IMG_0675.JPG,672,504,q,468,243,547,368
IMG_0558.JPG,672,504,p,210,251,261,331
IMG_0886.JPG,672,504,b,5,280,105,390
IMG_0584.JPG,672,504,r,444,102,506,200
IMG_0984.JPG,672,504,q,494,105,613,241
IMG_0677.JPG,672,504,q,366,201,435,347
IMG_0675.JPG,672,504,v,482,115,541,248
IMG_0979.JPG,672,504,q,505,239,597,408
IMG_0708.JPG,672,504,v,76,259,167,436
IMG_0845.JPG,672,504,k,505,121,591,215
IMG_0554.JPG,672,504,p,243,156,294,248
IMG_0724.JPG,672,504,p,35,324,111,430
IMG_0762.JPG,672,504,r,1,203,107,349
IMG_0921.JPG,672,504,q,529,179,647,353
IMG_1053.JPG,672,504,p,29,222,118,370
IMG_0861.JPG,672,504,b,252,142,290,228
IMG_0709.JPG,672,504,q,491,265,603,414
IMG_0940.JPG,672,504,v,502,132,643,285
IMG_0556.JPG,672,504,p,81,393,142,474
IMG_0975.JPG,672,504,v,364,191,465,417
IMG_0576.JPG,672,504,r,465,50,519,139
IMG_0890.JPG,672,504,b,438,80,505,185
IMG_0663.JPG,672,504,q,424,57,478,165
IMG_1081.JPG,672,504,q,130,338,228,475
IMG_0575.JPG,672,504,r,101,186,180,284
IMG_0896.JPG,672,504,b,290,90,348,199
IMG_0560.JPG,672,504,p,117,260,161,327
IMG_0559.JPG,672,504,p,27,368,107,461
IMG_0720.JPG,672,504,q,482,310,592,472
IMG_0555.JPG,672,504,p,196,193,234,260
IMG_0915.JPG,672,504,b,492,255,576,390
IMG_1048.JPG,672,504,r,522,180,615,328
IMG_0686.JPG,672,504,q,262,183,319,306
IMG_0643.JPG,672,504,b,235,188,298,300
IMG_0759.JPG,672,504,r,194,346,268,433
IMG_0731.JPG,672,504,p,452,176,502,255
IMG_0814.JPG,672,504,k,551,232,657,361
IMG_0935.JPG,672,504,q,26,203,126,384
IMG_1040.JPG,672,504,r,521,205,628,374
IMG_0726.JPG,672,504,p,394,255,441,335
IMG_0801.JPG,672,504,k,548,315,658,405
IMG_1065.JPG,672,504,k,387,217,468,365
IMG_0698.JPG,672,504,q,470,78,529,185
IMG_0898.JPG,672,504,b,377,117,440,229
IMG_0802.JPG,672,504,k,433,99,498,200
IMG_0560.JPG,672,504,p,157,308,205,375
IMG_1070.JPG,672,504,b,228,132,327,346
IMG_0645.JPG,672,504,b,11,309,110,409
IMG_0808.JPG,672,504,k,339,75,394,171
IMG_0766.JPG,672,504,r,440,87,502,186
IMG_1054.JPG,672,504,p,207,216,296,380
IMG_0893.JPG,672,504,b,250,284,326,440
IMG_0689.JPG,672,504,q,427,76,490,190
IMG_0574.JPG,672,504,r,91,197,161,292
IMG_0788.JPG,672,504,k,416,330,514,466
IMG_0910.JPG,672,504,b,245,257,316,356
IMG_0935.JPG,672,504,q,348,210,424,386
IMG_0914.JPG,672,504,b,211,31,273,146
IMG_0613.JPG,672,504,k,132,77,205,180
IMG_0660.JPG,672,504,v,281,276,356,453
IMG_0969.JPG,672,504,q,221,148,301,336
IMG_1063.JPG,672,504,k,204,265,314,410
IMG_0714.JPG,672,504,v,243,109,298,254
IMG_0609.JPG,672,504,k,357,278,421,399
IMG_1038.JPG,672,504,r,66,199,178,357
IMG_0567.JPG,672,504,r,185,96,237,186
IMG_0792.JPG,672,504,k,248,314,349,466
IMG_0565.JPG,672,504,r,303,55,348,145
IMG_0790.JPG,672,504,k,286,83,332,168
IMG_0959.JPG,672,504,v,218,171,304,405
IMG_0800.JPG,672,504,k,15,253,121,377
IMG_0941.JPG,672,504,v,212,148,296,368
IMG_0560.JPG,672,504,p,139,412,189,486
IMG_0567.JPG,672,504,r,380,75,424,162
IMG_0730.JPG,672,504,p,155,228,206,315
IMG_0624.JPG,672,504,k,346,238,417,361
IMG_0987.JPG,672,504,q,220,222,306,419
IMG_0869.JPG,672,504,b,49,300,138,397
IMG_0918.JPG,672,504,b,41,258,129,346
IMG_0622.JPG,672,504,k,432,165,524,291
IMG_0578.JPG,672,504,r,458,193,531,301
IMG_0566.JPG,672,504,r,484,53,537,136
IMG_0655.JPG,672,504,b,286,241,351,348
IMG_0696.JPG,672,504,q,264,164,328,303
IMG_0893.JPG,672,504,b,339,167,395,285
IMG_0860.JPG,672,504,b,299,28,345,126
IMG_0802.JPG,672,504,k,495,285,616,427
IMG_0765.JPG,672,504,r,9,233,111,338
IMG_0953.JPG,672,504,q,380,185,452,351
IMG_0988.JPG,672,504,v,22,193,162,350
IMG_0864.JPG,672,504,b,496,326,583,476
IMG_0566.JPG,672,504,r,223,52,262,138
IMG_1058.JPG,672,504,k,525,211,637,396
IMG_1036.JPG,672,504,r,488,195,597,360
IMG_0576.JPG,672,504,r,381,127,443,231
IMG_0738.JPG,672,504,r,268,342,343,480
IMG_0803.JPG,672,504,k,480,315,592,414
IMG_0571.JPG,672,504,r,506,110,578,214
IMG_0662.JPG,672,504,q,375,71,420,179
IMG_0899.JPG,672,504,b,437,189,487,288
IMG_0836.JPG,672,504,k,224,208,287,317
IMG_0797.JPG,672,504,k,167,36,230,122
IMG_0839.JPG,672,504,k,330,195,401,280
IMG_0554.JPG,672,504,p,150,241,216,351
IMG_0724.JPG,672,504,p,120,327,187,433
IMG_0799.JPG,672,504,k,464,26,530,110
IMG_0814.JPG,672,504,k,476,79,539,170
IMG_1073.JPG,672,504,b,277,266,366,459
IMG_0838.JPG,672,504,k,335,177,397,286
IMG_0973.JPG,672,504,v,373,138,479,368
IMG_0972.JPG,672,504,v,373,172,473,324
IMG_0665.JPG,672,504,v,113,140,182,283
IMG_0860.JPG,672,504,b,362,390,437,496
IMG_0728.JPG,672,504,p,506,180,565,263
IMG_0865.JPG,672,504,b,484,358,583,467
IMG_0961.JPG,672,504,v,205,101,297,338
IMG_0775.JPG,672,504,r,371,176,433,271
IMG_0810.JPG,672,504,k,403,297,484,428
IMG_0687.JPG,672,504,q,243,77,293,192
IMG_0894.JPG,672,504,b,338,65,408,198
IMG_0988.JPG,672,504,v,376,189,482,341
IMG_0588.JPG,672,504,r,267,192,333,322
IMG_0653.JPG,672,504,b,266,286,329,389
IMG_1071.JPG,672,504,b,254,246,345,444
IMG_0721.JPG,672,504,q,439,140,509,264
IMG_0815.JPG,672,504,k,551,302,663,399
IMG_0949.JPG,672,504,v,513,8,637,228
IMG_0923.JPG,672,504,q,342,146,400,285
IMG_0982.JPG,672,504,q,268,117,335,256
IMG_0970.JPG,672,504,v,52,210,179,360
IMG_0831.JPG,672,504,k,1,222,123,322
IMG_1071.JPG,672,504,b,124,227,220,416
IMG_0826.JPG,672,504,k,280,191,334,288
IMG_0799.JPG,672,504,k,1,355,116,453
IMG_0712.JPG,672,504,v,277,63,337,215
IMG_0929.JPG,672,504,q,523,217,606,366
IMG_0559.JPG,672,504,p,491,91,543,166
IMG_0752.JPG,672,504,r,391,41,451,150
IMG_0976.JPG,672,504,q,504,204,644,334
IMG_0754.JPG,672,504,r,319,233,416,416
IMG_0563.JPG,672,504,r,345,75,387,161
IMG_0889.JPG,672,504,b,133,261,194,380
IMG_0847.JPG,672,504,k,446,104,516,200
IMG_0924.JPG,672,504,q,342,77,404,209
IMG_0871.JPG,672,504,b,481,288,576,387
IMG_0669.JPG,672,504,q,340,142,396,261
IMG_0901.JPG,672,504,b,525,231,604,366
IMG_0562.JPG,672,504,r,186,40,232,132
IMG_0734.JPG,672,504,r,187,88,237,174
IMG_0731.JPG,672,504,p,228,176,275,254
IMG_0947.JPG,672,504,q,9,233,126,438
IMG_0730.JPG,672,504,p,218,235,267,318
IMG_0557.JPG,672,504,p,339,265,386,341
IMG_0613.JPG,672,504,k,90,262,187,360
IMG_0724.JPG,672,504,p,459,239,516,326
IMG_0903.JPG,672,504,b,502,161,572,267
IMG_0693.JPG,672,504,v,292,178,352,327
IMG_0560.JPG,672,504,p,142,165,178,223
IMG_0555.JPG,672,504,p,523,290,577,371
IMG_0706.JPG,672,504,q,411,246,480,379
IMG_1063.JPG,672,504,k,526,250,670,398
IMG_0683.JPG,672,504,v,428,197,509,327
IMG_0680.JPG,672,504,q,107,263,196,391
IMG_0861.JPG,672,504,b,374,142,414,225
IMG_0706.JPG,672,504,q,161,119,209,232
IMG_0915.JPG,672,504,b,163,146,220,259
IMG_0859.JPG,672,504,b,292,129,330,214
IMG_0910.JPG,672,504,b,333,54,390,171
IMG_0861.JPG,672,504,b,415,325,487,467
IMG_0677.JPG,672,504,v,299,169,365,350
IMG_0897.JPG,672,504,b,366,204,413,304
IMG_0969.JPG,672,504,v,26,112,145,342
IMG_0796.JPG,672,504,k,201,138,251,221
IMG_0586.JPG,672,504,r,194,237,258,356
IMG_0603.JPG,672,504,k,39,260,131,366
IMG_0658.JPG,672,504,q,188,54,235,166
IMG_0749.JPG,672,504,r,1,314,92,421
IMG_0862.JPG,672,504,b,383,17,429,117
IMG_0944.JPG,672,504,q,357,220,451,354
IMG_0557.JPG,672,504,p,422,124,460,189
IMG_0554.JPG,672,504,p,575,145,639,241
IMG_0930.JPG,672,504,v,397,150,493,306
IMG_0730.JPG,672,504,p,101,229,155,315
IMG_0760.JPG,672,504,r,444,62,511,170
IMG_0968.JPG,672,504,q,479,146,594,285
IMG_0651.JPG,672,504,b,256,310,318,406
IMG_0815.JPG,672,504,k,495,49,569,141
IMG_0648.JPG,672,504,b,199,282,266,413
IMG_0815.JPG,672,504,k,4,300,123,396
IMG_0776.JPG,672,504,r,452,187,508,290
IMG_0707.JPG,672,504,q,125,85,189,209
IMG_0978.JPG,672,504,q,210,264,296,396
IMG_0729.JPG,672,504,p,501,204,554,279
IMG_0906.JPG,672,504,b,485,234,584,334
IMG_0571.JPG,672,504,r,378,27,423,118
IMG_0797.JPG,672,504,k,77,376,184,471
IMG_0903.JPG,672,504,b,105,149,167,255
IMG_1071.JPG,672,504,b,389,261,488,471
IMG_0800.JPG,672,504,k,477,106,539,193
IMG_0743.JPG,672,504,r,413,376,502,483
IMG_0674.JPG,672,504,v,421,94,488,243
IMG_0555.JPG,672,504,p,127,221,170,294
IMG_0897.JPG,672,504,b,167,284,233,419
IMG_0798.JPG,672,504,k,7,274,122,394
IMG_0691.JPG,672,504,q,391,193,459,324
IMG_0555.JPG,672,504,p,458,290,508,369
IMG_1045.JPG,672,504,r,432,213,514,362
IMG_1059.JPG,672,504,k,67,254,196,416
IMG_0731.JPG,672,504,p,468,89,508,159
IMG_0869.JPG,672,504,b,89,129,164,228
IMG_0950.JPG,672,504,q,54,104,166,247
IMG_0961.JPG,672,504,v,525,107,663,340
IMG_0973.JPG,672,504,v,9,123,142,363
IMG_0946.JPG,672,504,v,504,202,644,365
IMG_0905.JPG,672,504,b,440,151,496,257
IMG_0629.JPG,672,504,b,209,326,281,460
IMG_0928.JPG,672,504,q,490,151,591,286
IMG_0606.JPG,672,504,k,435,260,525,376
IMG_0655.JPG,672,504,b,359,67,414,179
IMG_0771.JPG,672,504,r,354,78,416,182
IMG_0585.JPG,672,504,r,292,41,345,145
IMG_0727.JPG,672,504,p,399,241,451,331
IMG_0581.JPG,672,504,r,519,181,606,285
IMG_0853.JPG,672,504,b,405,117,447,203
IMG_0814.JPG,672,504,k,120,75,180,163
IMG_0854.JPG,672,504,b,176,1,232,102
IMG_0952.JPG,672,504,v,498,162,622,308
IMG_0659.JPG,672,504,v,382,36,435,166
IMG_0966.JPG,672,504,v,33,178,139,407
IMG_0649.JPG,672,504,b,389,45,445,153
IMG_0715.JPG,672,504,q,181,289,260,446
IMG_0967.JPG,672,504,v,372,186,459,410
IMG_0727.JPG,672,504,p,265,328,326,440
IMG_1043.JPG,672,504,r,11,139,138,341
IMG_0764.JPG,672,504,r,563,134,672,271
IMG_0945.JPG,672,504,v,526,179,649,416
IMG_0907.JPG,672,504,b,396,114,448,222
IMG_0665.JPG,672,504,v,518,266,616,421
IMG_0886.JPG,672,504,b,540,283,640,386
IMG_0954.JPG,672,504,v,225,183,304,318
IMG_0724.JPG,672,504,p,571,330,652,436
IMG_0947.JPG,672,504,v,529,211,666,457
IMG_0698.JPG,672,504,v,163,40,213,174
IMG_0591.JPG,672,504,r,80,262,189,391
IMG_0632.JPG,672,504,b,82,363,168,500
IMG_0556.JPG,672,504,p,294,227,329,293
IMG_0727.JPG,672,504,p,519,243,581,333
IMG_0559.JPG,672,504,p,340,53,380,127
IMG_0757.JPG,672,504,r,300,53,356,147
IMG_0949.JPG,672,504,v,233,1,310,215
IMG_0958.JPG,672,504,v,513,193,662,336
IMG_0622.JPG,672,504,k,126,165,215,295
IMG_0676.JPG,672,504,v,344,61,402,213
IMG_0714.JPG,672,504,q,38,277,133,425
IMG_1060.JPG,672,504,k,437,243,552,438
IMG_0813.JPG,672,504,k,435,45,508,142
IMG_0705.JPG,672,504,q,528,205,621,341
IMG_0832.JPG,672,504,k,522,195,609,302
IMG_1060.JPG,672,504,k,51,209,143,355
IMG_0858.JPG,672,504,b,369,400,447,500
IMG_0924.JPG,672,504,v,449,53,545,212
IMG_0771.JPG,672,504,r,289,253,352,352
IMG_0634.JPG,672,504,b,243,219,307,334
IMG_0781.JPG,672,504,r,200,198,264,296
IMG_0925.JPG,672,504,v,499,136,597,313
IMG_0557.JPG,672,504,p,400,218,445,293
IMG_0614.JPG,672,504,k,237,222,299,339
IMG_0791.JPG,672,504,k,338,385,426,477
IMG_0611.JPG,672,504,k,1,258,95,354
IMG_0561.JPG,672,504,p,315,248,353,315
IMG_0838.JPG,672,504,k,399,113,454,206
IMG_0731.JPG,672,504,p,145,86,186,157
IMG_0810.JPG,672,504,k,227,161,277,247
IMG_0675.JPG,672,504,v,175,218,242,367
IMG_0724.JPG,672,504,p,199,332,263,437
IMG_1038.JPG,672,504,r,224,193,310,346
IMG_0753.JPG,672,504,r,196,30,254,135
IMG_0907.JPG,672,504,b,195,213,259,347
IMG_0673.JPG,672,504,q,437,285,513,412
IMG_0725.JPG,672,504,p,454,314,506,402
IMG_0776.JPG,672,504,r,339,186,394,289
IMG_0986.JPG,672,504,v,30,139,159,310
IMG_0691.JPG,672,504,v,209,162,275,319
IMG_0919.JPG,672,504,v,352,197,427,381
IMG_0904.JPG,672,504,b,73,26,152,132
IMG_1043.JPG,672,504,r,198,140,297,334
IMG_0891.JPG,672,504,b,375,230,421,325
IMG_0864.JPG,672,504,b,415,146,456,232
IMG_0958.JPG,672,504,v,200,185,297,330
IMG_0626.JPG,672,504,b,161,133,199,218
IMG_0670.JPG,672,504,q,278,119,335,246
IMG_0843.JPG,672,504,k,404,184,485,280
IMG_0982.JPG,672,504,v,94,90,202,256
IMG_0827.JPG,672,504,k,330,130,395,223
IMG_0813.JPG,672,504,k,158,37,223,138
IMG_0625.JPG,672,504,k,158,207,211,316
IMG_0989.JPG,672,504,q,529,214,658,416
IMG_0725.JPG,672,504,p,515,319,575,408
IMG_1057.JPG,672,504,p,464,268,550,415
IMG_0695.JPG,672,504,v,288,17,338,161
IMG_0763.JPG,672,504,r,78,46,154,148
IMG_0727.JPG,672,504,p,183,330,248,436
IMG_0913.JPG,672,504,b,414,255,489,388
IMG_0956.JPG,672,504,v,494,177,633,316
IMG_0726.JPG,672,504,p,413,334,469,424
IMG_0703.JPG,672,504,q,194,55,247,178
IMG_0835.JPG,672,504,k,483,113,563,200
IMG_0557.JPG,672,504,p,551,365,623,448
IMG_0687.JPG,672,504,v,281,169,340,318
IMG_0569.JPG,672,504,r,299,134,352,235
IMG_0731.JPG,672,504,p,505,176,557,253
IMG_0732.JPG,672,504,r,452,27,509,118
IMG_0725.JPG,672,504,p,431,253,473,327
IMG_0828.JPG,672,504,k,476,249,560,364
IMG_0972.JPG,672,504,v,36,165,169,321
IMG_0644.JPG,672,504,b,537,277,621,410
IMG_0877.JPG,672,504,b,230,296,306,450
IMG_0559.JPG,672,504,p,201,53,245,127
IMG_0889.JPG,672,504,b,174,195,223,288
IMG_0801.JPG,672,504,k,486,66,563,158
IMG_0604.JPG,672,504,k,191,65,242,157
IMG_0612.JPG,672,504,k,481,198,554,324
IMG_0933.JPG,672,504,v,491,197,580,366
IMG_0726.JPG,672,504,p,342,328,397,423
IMG_0773.JPG,672,504,r,270,107,333,215
IMG_0688.JPG,672,504,q,415,44,477,165
IMG_0966.JPG,672,504,q,220,221,301,410
IMG_0626.JPG,672,504,b,552,360,640,488
IMG_0830.JPG,672,504,k,147,118,216,227
IMG_0785.JPG,672,504,r,434,176,505,276
IMG_0864.JPG,672,504,b,201,145,244,231
IMG_0642.JPG,672,504,b,275,204,332,318
IMG_0558.JPG,672,504,p,476,97,520,167
IMG_0987.JPG,672,504,v,18,179,143,422
IMG_0653.JPG,672,504,b,335,281,400,384
IMG_0554.JPG,672,504,p,505,150,563,246
IMG_0836.JPG,672,504,k,346,156,399,248
IMG_0854.JPG,672,504,b,502,361,606,472
IMG_0908.JPG,672,504,b,185,40,254,157
IMG_0558.JPG,672,504,p,429,68,468,137
IMG_0565.JPG,672,504,r,159,47,204,137
IMG_1072.JPG,672,504,b,514,183,595,348
IMG_0884.JPG,672,504,b,483,217,538,315
IMG_0969.JPG,672,504,q,508,151,622,338
IMG_1053.JPG,672,504,p,505,267,604,432
IMG_1041.JPG,672,504,r,525,178,652,372
IMG_1066.JPG,672,504,b,393,197,485,400
IMG_0813.JPG,672,504,k,476,293,584,398
IMG_0682.JPG,672,504,v,157,17,223,177
IMG_0567.JPG,672,504,r,294,126,341,219
IMG_0895.JPG,672,504,b,299,179,349,289
IMG_1073.JPG,672,504,b,394,254,487,443
IMG_0978.JPG,672,504,q,501,263,633,394
IMG_0568.JPG,672,504,r,291,52,333,140
IMG_0912.JPG,672,504,b,285,54,340,162
IMG_0686.JPG,672,504,q,368,75,420,191
IMG_0946.JPG,672,504,q,371,215,457,359
IMG_0625.JPG,672,504,k,205,241,271,364
IMG_0742.JPG,672,504,r,331,32,378,130
IMG_0825.JPG,672,504,k,394,116,470,223
IMG_0980.JPG,672,504,q,499,117,620,252
IMG_0805.JPG,672,504,k,401,21,474,124
IMG_0938.JPG,672,504,v,200,96,292,272
IMG_0719.JPG,672,504,v,506,126,585,278
IMG_0989.JPG,672,504,v,2,166,134,407
IMG_0674.JPG,672,504,q,180,103,237,234
IMG_0636.JPG,672,504,b,338,138,391,240
IMG_0704.JPG,672,504,q,517,226,614,369
IMG_0627.JPG,672,504,b,375,79,415,169
IMG_0973.JPG,672,504,q,218,169,305,360
IMG_0884.JPG,672,504,b,114,212,166,320
IMG_0977.JPG,672,504,v,15,193,143,425
IMG_0724.JPG,672,504,p,344,239,397,331
IMG_0837.JPG,672,504,k,262,68,323,167
IMG_0732.JPG,672,504,r,554,244,667,380
IMG_0559.JPG,672,504,p,348,161,396,240
IMG_0751.JPG,672,504,r,421,61,483,153
IMG_0902.JPG,672,504,b,16,245,113,359
IMG_0589.JPG,672,504,r,278,219,347,341
IMG_0717.JPG,672,504,q,245,332,315,489
IMG_1075.JPG,672,504,q,129,221,224,408
IMG_0728.JPG,672,504,p,337,258,392,349
IMG_0680.JPG,672,504,v,432,241,523,394
IMG_0616.JPG,672,504,k,286,156,337,248
IMG_0859.JPG,672,504,b,269,315,344,470
IMG_0986.JPG,672,504,q,234,175,307,316
IMG_0724.JPG,672,504,p,154,235,207,327
IMG_0556.JPG,672,504,p,301,154,333,211
IMG_0769.JPG,672,504,r,165,286,251,392
IMG_0861.JPG,672,504,b,190,324,261,466
IMG_0702.JPG,672,504,q,434,110,496,228
IMG_0726.JPG,672,504,p,173,248,220,331
IMG_1036.JPG,672,504,r,53,191,161,364
IMG_0988.JPG,672,504,q,524,209,664,344
IMG_0612.JPG,672,504,k,114,207,199,336
IMG_0608.JPG,672,504,k,368,229,433,369
IMG_0642.JPG,672,504,b,172,168,221,280
IMG_0767.JPG,672,504,r,118,254,205,352
IMG_0625.JPG,672,504,k,345,207,398,322
IMG_0938.JPG,672,504,q,6,125,139,277
IMG_0774.JPG,672,504,r,326,155,382,267
IMG_0662.JPG,672,504,q,210,325,285,468
IMG_0821.JPG,672,504,k,344,121,411,222
IMG_0586.JPG,672,504,r,150,174,204,275
IMG_1046.JPG,672,504,r,364,231,468,401
IMG_0558.JPG,672,504,p,354,242,405,320
IMG_0961.JPG,672,504,q,367,142,461,337
IMG_0641.JPG,672,504,b,41,108,125,212
IMG_0976.JPG,672,504,q,202,194,292,327
IMG_0839.JPG,672,504,k,397,86,470,175
IMG_1049.JPG,672,504,r,186,163,259,297
IMG_0892.JPG,672,504,b,377,131,441,236
IMG_0789.JPG,672,504,k,398,364,488,458
IMG_0932.JPG,672,504,v,470,151,578,306
IMG_0975.JPG,672,504,q,207,220,291,408
IMG_0868.JPG,672,504,b,492,230,545,329
IMG_0756.JPG,672,504,r,280,69,326,165
IMG_0839.JPG,672,504,k,260,197,328,282
IMG_0605.JPG,672,504,k,428,31,489,128
IMG_1053.JPG,672,504,p,344,243,428,396
IMG_0873.JPG,672,504,b,403,291,481,395
IMG_0728.JPG,672,504,p,34,257,106,354
IMG_0900.JPG,672,504,b,464,227,556,337
IMG_0794.JPG,672,504,k,428,330,528,470
IMG_0554.JPG,672,504,p,442,152,495,245
IMG_0596.JPG,672,504,k,407,11,463,103
IMG_0887.JPG,672,504,b,148,196,195,292
IMG_0586.JPG,672,504,r,485,209,556,314
IMG_0923.JPG,672,504,q,114,135,182,275
IMG_0640.JPG,672,504,b,399,161,457,274
IMG_0981.JPG,672,504,q,233,65,309,249
IMG_0939.JPG,672,504,v,510,151,632,357
IMG_1037.JPG,672,504,r,350,194,445,381
IMG_1069.JPG,672,504,b,100,293,216,441
IMG_0899.JPG,672,504,b,190,181,237,278
IMG_0704.JPG,672,504,v,373,76,430,218
IMG_0601.JPG,672,504,k,11,290,107,412
IMG_1052.JPG,672,504,p,484,228,564,359
IMG_0618.JPG,672,504,k,494,219,561,329
IMG_0792.JPG,672,504,k,286,21,338,125
IMG_0980.JPG,672,504,v,54,74,170,243
IMG_1075.JPG,672,504,v,392,176,481,404
IMG_0666.JPG,672,504,q,132,260,209,408
IMG_1044.JPG,672,504,r,448,218,538,384
IMG_1042.JPG,672,504,r,225,244,308,408
IMG_0563.JPG,672,504,r,207,74,255,160
IMG_0579.JPG,672,504,r,464,194,543,290
IMG_0797.JPG,672,504,k,461,385,562,473
IMG_0795.JPG,672,504,k,224,27,281,113
IMG_0630.JPG,672,504,b,256,9,301,110
IMG_0748.JPG,672,504,r,547,218,649,348
IMG_0907.JPG,672,504,b,230,108,280,216
IMG_0727.JPG,672,504,p,459,242,514,334
IMG_0622.JPG,672,504,k,292,110,355,241
IMG_0827.JPG,672,504,k,397,240,481,338
IMG_0750.JPG,672,504,r,477,223,570,352
IMG_0665.JPG,672,504,q,479,168,546,283
IMG_0905.JPG,672,504,b,471,265,548,390
IMG_0760.JPG,672,504,r,74,252,181,405
IMG_0922.JPG,672,504,v,85,84,199,257
IMG_1044.JPG,672,504,r,24,211,129,381
IMG_0866.JPG,672,504,b,456,167,500,251
IMG_0736.JPG,672,504,r,173,308,259,452
IMG_1041.JPG,672,504,r,215,173,315,364
IMG_0646.JPG,672,504,b,192,116,237,212
IMG_0701.JPG,672,504,v,437,177,530,339
IMG_0731.JPG,672,504,p,194,84,233,153
IMG_0615.JPG,672,504,k,229,93,282,195
IMG_0859.JPG,672,504,b,330,129,372,217
IMG_0697.JPG,672,504,v,259,80,304,202
IMG_0736.JPG,672,504,r,425,313,521,461
IMG_0554.JPG,672,504,p,228,243,291,353
IMG_0768.JPG,672,504,r,205,95,270,213
IMG_0733.JPG,672,504,r,59,366,170,482
IMG_0822.JPG,672,504,k,347,142,427,282
IMG_0915.JPG,672,504,b,102,254,184,390
IMG_0558.JPG,672,504,p,89,198,147,276
IMG_0862.JPG,672,504,b,240,21,286,115
IMG_0569.JPG,672,504,r,353,43,397,135
IMG_0730.JPG,672,504,p,389,232,438,313
IMG_0713.JPG,672,504,q,56,241,157,398
IMG_0976.JPG,672,504,v,356,186,455,333
IMG_0575.JPG,672,504,r,521,81,604,183
IMG_0939.JPG,672,504,q,371,174,457,346
IMG_0561.JPG,672,504,p,396,140,428,196
IMG_0683.JPG,672,504,v,102,38,177,179
IMG_0868.JPG,672,504,b,87,307,155,437
IMG_0975.JPG,672,504,v,7,178,139,409
IMG_0830.JPG,672,504,k,551,200,650,322
IMG_0589.JPG,672,504,r,529,41,624,160
IMG_0945.JPG,672,504,q,35,214,147,414
IMG_0871.JPG,672,504,b,128,101,199,209
IMG_0853.JPG,672,504,b,85,302,166,451
IMG_0728.JPG,672,504,p,275,174,322,256
IMG_1058.JPG,672,504,k,42,208,160,407
IMG_0699.JPG,672,504,v,407,190,496,349
IMG_0558.JPG,672,504,p,292,161,334,236
IMG_0709.JPG,672,504,v,349,61,407,216
IMG_0630.JPG,672,504,b,228,385,294,476
IMG_0903.JPG,672,504,b,548,286,637,409
IMG_1078.JPG,672,504,v,392,136,469,338
IMG_0858.JPG,672,504,b,292,3,340,112
IMG_0756.JPG,672,504,r,326,68,378,166
IMG_0600.JPG,672,504,k,258,339,332,460
IMG_0971.JPG,672,504,v,26,105,152,343
IMG_0765.JPG,672,504,r,60,70,140,172
IMG_0831.JPG,672,504,k,533,235,645,327
IMG_0959.JPG,672,504,v,530,183,662,411
IMG_0871.JPG,672,504,b,87,286,180,389
IMG_1048.JPG,672,504,r,153,190,242,379
IMG_0561.JPG,672,504,p,421,289,464,356
IMG_0990.JPG,672,504,q,514,286,648,404
IMG_0989.JPG,672,504,q,213,206,299,403
IMG_0628.JPG,672,504,b,462,15,515,110
IMG_0928.JPG,672,504,v,369,124,445,283
IMG_0560.JPG,672,504,p,443,205,479,266
IMG_0641.JPG,672,504,b,509,115,592,216
IMG_0729.JPG,672,504,p,396,196,443,274
IMG_0687.JPG,672,504,v,383,57,444,194
IMG_0939.JPG,672,504,q,51,165,153,345
IMG_0954.JPG,672,504,v,496,185,626,321
IMG_0868.JPG,672,504,b,138,227,189,324
IMG_0580.JPG,672,504,r,274,157,329,266
IMG_0950.JPG,672,504,q,373,106,460,242
IMG_0653.JPG,672,504,b,273,111,329,215
IMG_0690.JPG,672,504,v,86,8,168,162
IMG_0607.JPG,672,504,k,391,50,458,144
IMG_0906.JPG,672,504,b,140,37,213,152
IMG_0734.JPG,672,504,r,65,359,166,494
IMG_0705.JPG,672,504,v,92,175,176,344
IMG_0645.JPG,672,504,b,111,55,169,158
IMG_1078.JPG,672,504,v,490,138,565,323
IMG_0750.JPG,672,504,r,99,215,189,347
IMG_1037.JPG,672,504,r,191,191,286,380
IMG_0931.JPG,672,504,q,362,209,424,355
IMG_1065.JPG,672,504,k,145,242,245,423
IMG_0896.JPG,672,504,b,356,89,414,200
IMG_0654.JPG,672,504,b,304,110,354,217
IMG_0956.JPG,672,504,q,20,203,148,324
IMG_0860.JPG,672,504,b,280,386,352,495
IMG_0617.JPG,672,504,k,254,226,328,325
IMG_0823.JPG,672,504,k,271,193,362,314
IMG_0943.JPG,672,504,q,359,185,458,370
IMG_0607.JPG,672,504,k,425,315,518,404
IMG_0561.JPG,672,504,p,142,327,190,400
IMG_0879.JPG,672,504,b,219,130,272,245
IMG_0685.JPG,672,504,q,242,181,301,308
IMG_0887.JPG,672,504,b,486,199,536,294
IMG_0684.JPG,672,504,v,186,57,244,200
IMG_0749.JPG,672,504,r,454,76,519,166
IMG_0778.JPG,672,504,r,435,176,498,278
IMG_0562.JPG,672,504,r,467,48,525,138
IMG_0766.JPG,672,504,r,157,83,219,187
IMG_0953.JPG,672,504,v,505,154,609,356
IMG_0610.JPG,672,504,k,471,90,526,188
IMG_0716.JPG,672,504,v,340,162,393,303
IMG_0945.JPG,672,504,q,378,215,461,410
IMG_0807.JPG,672,504,k,264,35,321,134
IMG_0575.JPG,672,504,r,455,3,518,100
IMG_0779.JPG,672,504,r,484,158,558,247
IMG_0555.JPG,672,504,p,339,224,380,298
IMG_0924.JPG,672,504,v,210,52,283,214
IMG_0858.JPG,672,504,b,345,4,395,109
IMG_0917.JPG,672,504,b,486,125,549,229
IMG_0611.JPG,672,504,k,56,74,130,186
IMG_0687.JPG,672,504,q,341,191,401,316
IMG_0574.JPG,672,504,r,481,122,546,209
IMG_0986.JPG,672,504,v,370,149,475,313
IMG_0757.JPG,672,504,r,240,327,303,414
IMG_0881.JPG,672,504,b,126,286,189,424
IMG_0784.JPG,672,504,r,499,209,567,319
IMG_0828.JPG,672,504,k,94,174,153,277
IMG_0977.JPG,672,504,q,223,231,309,428
IMG_0739.JPG,672,504,r,251,379,323,492
IMG_0570.JPG,672,504,r,404,106,462,202
IMG_0969.JPG,672,504,v,369,111,460,336
IMG_0830.JPG,672,504,k,21,187,124,317
IMG_0609.JPG,672,504,k,285,287,354,402
IMG_0650.JPG,672,504,b,342,174,382,264
IMG_0775.JPG,672,504,r,213,173,267,265
IMG_0557.JPG,672,504,p,189,144,229,212
IMG_0855.JPG,672,504,b,374,110,418,196
IMG_1056.JPG,672,504,p,375,247,447,371
IMG_0652.JPG,672,504,b,329,155,375,252
IMG_0676.JPG,672,504,q,287,88,340,215
IMG_0725.JPG,672,504,p,78,308,134,400
IMG_1039.JPG,672,504,r,307,200,397,371
IMG_0560.JPG,672,504,p,428,157,461,212
IMG_0948.JPG,672,504,v,210,243,307,395
IMG_0931.JPG,672,504,v,483,186,566,357
IMG_0804.JPG,672,504,k,393,71,460,171
IMG_0718.JPG,672,504,v,447,164,522,307
IMG_0729.JPG,672,504,p,343,193,389,271
IMG_0616.JPG,672,504,k,347,243,419,360
IMG_0681.JPG,672,504,v,142,43,219,203
IMG_0769.JPG,672,504,r,388,95,459,204
IMG_0566.JPG,672,504,r,351,57,391,139
IMG_0753.JPG,672,504,r,364,39,426,140
IMG_0754.JPG,672,504,r,218,235,314,421
IMG_0578.JPG,672,504,r,132,89,181,185
IMG_0819.JPG,672,504,k,467,334,565,433
IMG_0731.JPG,672,504,p,334,175,378,250
IMG_0731.JPG,672,504,p,381,89,421,156
IMG_0657.JPG,672,504,v,457,41,510,165
IMG_0572.JPG,672,504,r,483,141,554,237
